Episode Rewards,Episode EPS,Episode Scores
-490,0.8999999761581421,200
-524,0.8992919325828552,80
-471,0.8985844850540161,180
